{
  "version": 3,
  "targets": {
    ".NETFramework,Version=v4.6.1": {
      "AvalonEdit/5.0.3": {
        "type": "package",
        "compile": {
          "lib/Net40/_._": {}
        },
        "runtime": {
          "lib/Net40/ICSharpCode.AvalonEdit.dll": {}
        }
      },
      "BitMiracle.Docotic.Pdf/5.10.9957": {
        "type": "package",
        "compile": {
          "lib/net40/_._": {}
        },
        "runtime": {
          "lib/net40/BitMiracle.Docotic.Pdf.dll": {}
        }
      },
      "BouncyCastle/1.8.5": {
        "type": "package",
        "compile": {
          "lib/_._": {}
        },
        "runtime": {
          "lib/BouncyCastle.Crypto.dll": {}
        }
      },
      "ClosedXML/0.87.1": {
        "type": "package",
        "dependencies": {
          "DocumentFormat.OpenXml": "2.5.0"
        },
        "compile": {
          "lib/net40/_._": {}
        },
        "runtime": {
          "lib/net40/ClosedXML.dll": {}
        }
      },
      "CsvHelper/2.13.5": {
        "type": "package",
        "compile": {
          "lib/net40-client/_._": {}
        },
        "runtime": {
          "lib/net40-client/CsvHelper.dll": {}
        }
      },
      "DirectorySearch/1.0.0": {
        "type": "package",
        "compile": {
          "lib/_._": {}
        },
        "runtime": {
          "lib/DirectorySearch.dll": {}
        }
      },
      "DocumentFormat.OpenXml/2.5.0": {
        "type": "package",
        "compile": {
          "lib/_._": {}
        },
        "runtime": {
          "lib/DocumentFormat.OpenXml.dll": {}
        }
      },
      "Extended.Wpf.Toolkit/2.8.0": {
        "type": "package",
        "frameworkAssemblies": [
          "PresentationCore",
          "PresentationFramework",
          "System",
          "System.Xaml",
          "WindowsBase"
        ],
        "compile": {
          "lib/net40/_._": {}
        },
        "runtime": {
          "lib/net40/Xceed.Wpf.AvalonDock.Themes.Aero.dll": {},
          "lib/net40/Xceed.Wpf.AvalonDock.Themes.Metro.dll": {},
          "lib/net40/Xceed.Wpf.AvalonDock.Themes.VS2010.dll": {},
          "lib/net40/Xceed.Wpf.AvalonDock.dll": {},
          "lib/net40/Xceed.Wpf.DataGrid.dll": {},
          "lib/net40/Xceed.Wpf.Toolkit.dll": {}
        },
        "resource": {
          "lib/net40/de/Xceed.Wpf.AvalonDock.resources.dll": {
            "locale": "de"
          },
          "lib/net40/es/Xceed.Wpf.AvalonDock.resources.dll": {
            "locale": "es"
          },
          "lib/net40/fr/Xceed.Wpf.AvalonDock.resources.dll": {
            "locale": "fr"
          },
          "lib/net40/hu/Xceed.Wpf.AvalonDock.resources.dll": {
            "locale": "hu"
          },
          "lib/net40/it/Xceed.Wpf.AvalonDock.resources.dll": {
            "locale": "it"
          },
          "lib/net40/pt-BR/Xceed.Wpf.AvalonDock.resources.dll": {
            "locale": "pt-BR"
          },
          "lib/net40/ro/Xceed.Wpf.AvalonDock.resources.dll": {
            "locale": "ro"
          },
          "lib/net40/ru/Xceed.Wpf.AvalonDock.resources.dll": {
            "locale": "ru"
          },
          "lib/net40/sv/Xceed.Wpf.AvalonDock.resources.dll": {
            "locale": "sv"
          },
          "lib/net40/zh-Hans/Xceed.Wpf.AvalonDock.resources.dll": {
            "locale": "zh-Hans"
          }
        }
      },
      "Humanizer.Core/2.4.2": {
        "type": "package",
        "compile": {
          "lib/netstandard2.0/_._": {}
        },
        "runtime": {
          "lib/netstandard2.0/Humanizer.dll": {}
        }
      },
      "interop.domino.dll/1.0.0": {
        "type": "package",
        "compile": {
          "lib/_._": {}
        },
        "runtime": {
          "lib/Interop.Domino.dll": {}
        }
      },
      "Microsoft.AspNet.SignalR.Client/2.4.0": {
        "type": "package",
        "dependencies": {
          "Newtonsoft.Json": "6.0.4"
        },
        "frameworkAssemblies": [
          "System.Net.Http",
          "System.Net.Http.WebRequest"
        ],
        "compile": {
          "lib/net45/_._": {}
        },
        "runtime": {
          "lib/net45/Microsoft.AspNet.SignalR.Client.dll": {}
        }
      },
      "Microsoft.Exchange.WebServices/2.2.0": {
        "type": "package",
        "compile": {
          "lib/40/_._": {}
        },
        "runtime": {
          "lib/40/Microsoft.Exchange.WebServices.Auth.dll": {},
          "lib/40/Microsoft.Exchange.WebServices.dll": {}
        }
      },
      "Microsoft.Rest.ClientRuntime/2.3.20": {
        "type": "package",
        "dependencies": {
          "Newtonsoft.Json": "10.0.3"
        },
        "frameworkAssemblies": [
          "System.Net",
          "System.Net.Http",
          "System.Net.Http.WebRequest",
          "System.Runtime",
          "System.Runtime.Serialization"
        ],
        "compile": {
          "lib/net461/_._": {}
        },
        "runtime": {
          "lib/net461/Microsoft.Rest.ClientRuntime.dll": {}
        }
      },
      "Microsoft.VisualStudio.OLE.Interop/7.10.6071": {
        "type": "package",
        "compile": {
          "lib/_._": {}
        },
        "runtime": {
          "lib/Microsoft.VisualStudio.OLE.Interop.dll": {}
        }
      },
      "Newtonsoft.Json/11.0.2": {
        "type": "package",
        "compile": {
          "lib/net45/_._": {}
        },
        "runtime": {
          "lib/net45/Newtonsoft.Json.dll": {}
        }
      },
      "NPOI/2.4.1": {
        "type": "package",
        "dependencies": {
          "SharpZipLib": "1.0.0"
        },
        "compile": {
          "lib/net45/_._": {}
        },
        "runtime": {
          "lib/net45/NPOI.OOXML.dll": {},
          "lib/net45/NPOI.OpenXml4Net.dll": {},
          "lib/net45/NPOI.OpenXmlFormats.dll": {},
          "lib/net45/NPOI.dll": {}
        }
      },
      "SharpZipLib/1.0.0": {
        "type": "package",
        "compile": {
          "lib/net45/_._": {}
        },
        "runtime": {
          "lib/net45/ICSharpCode.SharpZipLib.dll": {}
        }
      },
      "System.ValueTuple/4.5.0": {
        "type": "package",
        "frameworkAssemblies": [
          "System",
          "mscorlib"
        ],
        "compile": {
          "ref/net461/_._": {}
        },
        "runtime": {
          "lib/net461/System.ValueTuple.dll": {}
        }
      },
      "UiPath/19.10.7275.19994": {
        "type": "package",
        "compile": {
          "lib/_._": {}
        },
        "runtime": {
          "lib/UiPath.Interop.dll": {}
        },
        "build": {
          "build/_._": {}
        }
      },
      "UiPath.Excel.Activities/2.7.2": {
        "type": "package",
        "dependencies": {
          "ClosedXML": "0.87.1",
          "CsvHelper": "2.13.5",
          "DocumentFormat.OpenXml": "2.5.0",
          "Microsoft.VisualStudio.OLE.Interop": "7.10.6071",
          "NPOI": "2.4.1",
          "SharpZipLib": "1.0.0"
        },
        "compile": {
          "lib/net461/_._": {}
        },
        "runtime": {
          "lib/net461/UiPath.Excel.Activities.Design.dll": {},
          "lib/net461/UiPath.Excel.Activities.dll": {},
          "lib/net461/UiPath.Excel.dll": {}
        },
        "resource": {
          "lib/net461/de/UiPath.Excel.Activities.Design.resources.dll": {
            "locale": "de"
          },
          "lib/net461/de/UiPath.Excel.Activities.resources.dll": {
            "locale": "de"
          },
          "lib/net461/de/UiPath.Excel.resources.dll": {
            "locale": "de"
          },
          "lib/net461/es-MX/UiPath.Excel.Activities.Design.resources.dll": {
            "locale": "es-MX"
          },
          "lib/net461/es-MX/UiPath.Excel.Activities.resources.dll": {
            "locale": "es-MX"
          },
          "lib/net461/es-MX/UiPath.Excel.resources.dll": {
            "locale": "es-MX"
          },
          "lib/net461/es/UiPath.Excel.Activities.Design.resources.dll": {
            "locale": "es"
          },
          "lib/net461/es/UiPath.Excel.Activities.resources.dll": {
            "locale": "es"
          },
          "lib/net461/es/UiPath.Excel.resources.dll": {
            "locale": "es"
          },
          "lib/net461/fr/UiPath.Excel.Activities.Design.resources.dll": {
            "locale": "fr"
          },
          "lib/net461/fr/UiPath.Excel.Activities.resources.dll": {
            "locale": "fr"
          },
          "lib/net461/fr/UiPath.Excel.resources.dll": {
            "locale": "fr"
          },
          "lib/net461/ja/UiPath.Excel.Activities.Design.resources.dll": {
            "locale": "ja"
          },
          "lib/net461/ja/UiPath.Excel.Activities.resources.dll": {
            "locale": "ja"
          },
          "lib/net461/ja/UiPath.Excel.resources.dll": {
            "locale": "ja"
          },
          "lib/net461/ko/UiPath.Excel.Activities.Design.resources.dll": {
            "locale": "ko"
          },
          "lib/net461/ko/UiPath.Excel.Activities.resources.dll": {
            "locale": "ko"
          },
          "lib/net461/ko/UiPath.Excel.resources.dll": {
            "locale": "ko"
          },
          "lib/net461/pt-BR/UiPath.Excel.Activities.Design.resources.dll": {
            "locale": "pt-BR"
          },
          "lib/net461/pt-BR/UiPath.Excel.Activities.resources.dll": {
            "locale": "pt-BR"
          },
          "lib/net461/pt-BR/UiPath.Excel.resources.dll": {
            "locale": "pt-BR"
          },
          "lib/net461/pt/UiPath.Excel.Activities.Design.resources.dll": {
            "locale": "pt"
          },
          "lib/net461/pt/UiPath.Excel.Activities.resources.dll": {
            "locale": "pt"
          },
          "lib/net461/pt/UiPath.Excel.resources.dll": {
            "locale": "pt"
          },
          "lib/net461/ru/UiPath.Excel.Activities.Design.resources.dll": {
            "locale": "ru"
          },
          "lib/net461/ru/UiPath.Excel.Activities.resources.dll": {
            "locale": "ru"
          },
          "lib/net461/ru/UiPath.Excel.resources.dll": {
            "locale": "ru"
          },
          "lib/net461/tr/UiPath.Excel.Activities.Design.resources.dll": {
            "locale": "tr"
          },
          "lib/net461/tr/UiPath.Excel.Activities.resources.dll": {
            "locale": "tr"
          },
          "lib/net461/tr/UiPath.Excel.resources.dll": {
            "locale": "tr"
          },
          "lib/net461/zh-CN/UiPath.Excel.Activities.Design.resources.dll": {
            "locale": "zh-CN"
          },
          "lib/net461/zh-CN/UiPath.Excel.Activities.resources.dll": {
            "locale": "zh-CN"
          },
          "lib/net461/zh-CN/UiPath.Excel.resources.dll": {
            "locale": "zh-CN"
          }
        }
      },
      "UiPath.Mail.Activities/1.7.2": {
        "type": "package",
        "dependencies": {
          "BouncyCastle": "1.8.5",
          "Microsoft.Exchange.WebServices": "2.2.0",
          "System.ValueTuple": "4.5.0",
          "interop.domino.dll": "1.0.0"
        },
        "compile": {
          "lib/net461/_._": {}
        },
        "runtime": {
          "lib/net461/MailKit.dll": {},
          "lib/net461/MimeKit.dll": {},
          "lib/net461/UiPath.Mail.Activities.Design.dll": {},
          "lib/net461/UiPath.Mail.Activities.dll": {},
          "lib/net461/UiPath.Mail.dll": {}
        },
        "resource": {
          "lib/net461/de/UiPath.Mail.Activities.Design.resources.dll": {
            "locale": "de"
          },
          "lib/net461/de/UiPath.Mail.Activities.resources.dll": {
            "locale": "de"
          },
          "lib/net461/de/UiPath.Mail.resources.dll": {
            "locale": "de"
          },
          "lib/net461/es-MX/UiPath.Mail.Activities.Design.resources.dll": {
            "locale": "es-MX"
          },
          "lib/net461/es-MX/UiPath.Mail.Activities.resources.dll": {
            "locale": "es-MX"
          },
          "lib/net461/es-MX/UiPath.Mail.resources.dll": {
            "locale": "es-MX"
          },
          "lib/net461/es/UiPath.Mail.Activities.Design.resources.dll": {
            "locale": "es"
          },
          "lib/net461/es/UiPath.Mail.Activities.resources.dll": {
            "locale": "es"
          },
          "lib/net461/es/UiPath.Mail.resources.dll": {
            "locale": "es"
          },
          "lib/net461/fr/UiPath.Mail.Activities.Design.resources.dll": {
            "locale": "fr"
          },
          "lib/net461/fr/UiPath.Mail.Activities.resources.dll": {
            "locale": "fr"
          },
          "lib/net461/fr/UiPath.Mail.resources.dll": {
            "locale": "fr"
          },
          "lib/net461/ja/UiPath.Mail.Activities.Design.resources.dll": {
            "locale": "ja"
          },
          "lib/net461/ja/UiPath.Mail.Activities.resources.dll": {
            "locale": "ja"
          },
          "lib/net461/ja/UiPath.Mail.resources.dll": {
            "locale": "ja"
          },
          "lib/net461/ko/UiPath.Mail.Activities.Design.resources.dll": {
            "locale": "ko"
          },
          "lib/net461/ko/UiPath.Mail.Activities.resources.dll": {
            "locale": "ko"
          },
          "lib/net461/ko/UiPath.Mail.resources.dll": {
            "locale": "ko"
          },
          "lib/net461/pt-BR/UiPath.Mail.Activities.Design.resources.dll": {
            "locale": "pt-BR"
          },
          "lib/net461/pt-BR/UiPath.Mail.Activities.resources.dll": {
            "locale": "pt-BR"
          },
          "lib/net461/pt-BR/UiPath.Mail.resources.dll": {
            "locale": "pt-BR"
          },
          "lib/net461/pt/UiPath.Mail.Activities.Design.resources.dll": {
            "locale": "pt"
          },
          "lib/net461/pt/UiPath.Mail.Activities.resources.dll": {
            "locale": "pt"
          },
          "lib/net461/pt/UiPath.Mail.resources.dll": {
            "locale": "pt"
          },
          "lib/net461/ru/UiPath.Mail.Activities.Design.resources.dll": {
            "locale": "ru"
          },
          "lib/net461/ru/UiPath.Mail.Activities.resources.dll": {
            "locale": "ru"
          },
          "lib/net461/ru/UiPath.Mail.resources.dll": {
            "locale": "ru"
          },
          "lib/net461/tr/UiPath.Mail.Activities.Design.resources.dll": {
            "locale": "tr"
          },
          "lib/net461/tr/UiPath.Mail.Activities.resources.dll": {
            "locale": "tr"
          },
          "lib/net461/tr/UiPath.Mail.resources.dll": {
            "locale": "tr"
          },
          "lib/net461/zh-CN/UiPath.Mail.Activities.Design.resources.dll": {
            "locale": "zh-CN"
          },
          "lib/net461/zh-CN/UiPath.Mail.Activities.resources.dll": {
            "locale": "zh-CN"
          },
          "lib/net461/zh-CN/UiPath.Mail.resources.dll": {
            "locale": "zh-CN"
          }
        }
      },
      "UiPath.OCR.Contracts/2.2.1": {
        "type": "package",
        "compile": {
          "lib/net45/_._": {}
        },
        "runtime": {
          "lib/net45/UiPath.OCR.Contracts.dll": {}
        }
      },
      "UiPath.PDF.Activities/3.1.0": {
        "type": "package",
        "dependencies": {
          "BitMiracle.Docotic.Pdf": "5.10.9957",
          "System.ValueTuple": "4.5.0",
          "UiPath.OCR.Contracts": "1.0.0"
        },
        "compile": {
          "lib/net461/_._": {}
        },
        "runtime": {
          "lib/net461/UiPath.PDF.Activities.Design.dll": {},
          "lib/net461/UiPath.PDF.Activities.dll": {},
          "lib/net461/UiPath.PDF.dll": {}
        },
        "resource": {
          "lib/net461/de/UiPath.PDF.Activities.Design.resources.dll": {
            "locale": "de"
          },
          "lib/net461/de/UiPath.PDF.Activities.resources.dll": {
            "locale": "de"
          },
          "lib/net461/de/UiPath.PDF.resources.dll": {
            "locale": "de"
          },
          "lib/net461/es-MX/UiPath.PDF.Activities.Design.resources.dll": {
            "locale": "es-MX"
          },
          "lib/net461/es-MX/UiPath.PDF.Activities.resources.dll": {
            "locale": "es-MX"
          },
          "lib/net461/es-MX/UiPath.PDF.resources.dll": {
            "locale": "es-MX"
          },
          "lib/net461/es/UiPath.PDF.Activities.Design.resources.dll": {
            "locale": "es"
          },
          "lib/net461/es/UiPath.PDF.Activities.resources.dll": {
            "locale": "es"
          },
          "lib/net461/es/UiPath.PDF.resources.dll": {
            "locale": "es"
          },
          "lib/net461/fr/UiPath.PDF.Activities.Design.resources.dll": {
            "locale": "fr"
          },
          "lib/net461/fr/UiPath.PDF.Activities.resources.dll": {
            "locale": "fr"
          },
          "lib/net461/fr/UiPath.PDF.resources.dll": {
            "locale": "fr"
          },
          "lib/net461/ja/UiPath.PDF.Activities.Design.resources.dll": {
            "locale": "ja"
          },
          "lib/net461/ja/UiPath.PDF.Activities.resources.dll": {
            "locale": "ja"
          },
          "lib/net461/ja/UiPath.PDF.resources.dll": {
            "locale": "ja"
          },
          "lib/net461/ko/UiPath.PDF.Activities.Design.resources.dll": {
            "locale": "ko"
          },
          "lib/net461/ko/UiPath.PDF.Activities.resources.dll": {
            "locale": "ko"
          },
          "lib/net461/ko/UiPath.PDF.resources.dll": {
            "locale": "ko"
          },
          "lib/net461/pt-BR/UiPath.PDF.Activities.Design.resources.dll": {
            "locale": "pt-BR"
          },
          "lib/net461/pt-BR/UiPath.PDF.Activities.resources.dll": {
            "locale": "pt-BR"
          },
          "lib/net461/pt-BR/UiPath.PDF.resources.dll": {
            "locale": "pt-BR"
          },
          "lib/net461/pt/UiPath.PDF.Activities.Design.resources.dll": {
            "locale": "pt"
          },
          "lib/net461/pt/UiPath.PDF.Activities.resources.dll": {
            "locale": "pt"
          },
          "lib/net461/pt/UiPath.PDF.resources.dll": {
            "locale": "pt"
          },
          "lib/net461/ru/UiPath.PDF.Activities.Design.resources.dll": {
            "locale": "ru"
          },
          "lib/net461/ru/UiPath.PDF.Activities.resources.dll": {
            "locale": "ru"
          },
          "lib/net461/ru/UiPath.PDF.resources.dll": {
            "locale": "ru"
          },
          "lib/net461/tr/UiPath.PDF.Activities.Design.resources.dll": {
            "locale": "tr"
          },
          "lib/net461/tr/UiPath.PDF.Activities.resources.dll": {
            "locale": "tr"
          },
          "lib/net461/tr/UiPath.PDF.resources.dll": {
            "locale": "tr"
          },
          "lib/net461/zh-CN/UiPath.PDF.Activities.Design.resources.dll": {
            "locale": "zh-CN"
          },
          "lib/net461/zh-CN/UiPath.PDF.Activities.resources.dll": {
            "locale": "zh-CN"
          },
          "lib/net461/zh-CN/UiPath.PDF.resources.dll": {
            "locale": "zh-CN"
          }
        }
      },
      "UiPath.System.Activities/19.10.1": {
        "type": "package",
        "dependencies": {
          "CsvHelper": "2.13.5",
          "Microsoft.AspNet.SignalR.Client": "2.4.0",
          "Microsoft.Rest.ClientRuntime": "2.3.20",
          "Newtonsoft.Json": "11.0.2"
        },
        "compile": {
          "lib/net461/_._": {}
        },
        "runtime": {
          "lib/net461/ActiproSoftware.Docking.Wpf.dll": {},
          "lib/net461/ActiproSoftware.Ribbon.Wpf.dll": {},
          "lib/net461/ActiproSoftware.Shared.Wpf.dll": {},
          "lib/net461/ActiproSoftware.SyntaxEditor.Addons.DotNet.Wpf.dll": {},
          "lib/net461/ActiproSoftware.SyntaxEditor.Wpf.dll": {},
          "lib/net461/ActiproSoftware.Text.Addons.DotNet.Wpf.dll": {},
          "lib/net461/ActiproSoftware.Text.LLParser.Wpf.dll": {},
          "lib/net461/ActiproSoftware.Text.Wpf.dll": {},
          "lib/net461/ActiproSoftware.Wizard.Wpf.dll": {},
          "lib/net461/CustomInputForm.exe": {},
          "lib/net461/UiPath.OrchestratorClient.dll": {},
          "lib/net461/UiPath.System.Activities.Design.dll": {},
          "lib/net461/UiPath.System.Activities.dll": {}
        },
        "resource": {
          "lib/net461/de/UiPath.System.Activities.Design.resources.dll": {
            "locale": "de"
          },
          "lib/net461/de/UiPath.System.Activities.resources.dll": {
            "locale": "de"
          },
          "lib/net461/es-MX/UiPath.System.Activities.Design.resources.dll": {
            "locale": "es-MX"
          },
          "lib/net461/es-MX/UiPath.System.Activities.resources.dll": {
            "locale": "es-MX"
          },
          "lib/net461/es/UiPath.System.Activities.Design.resources.dll": {
            "locale": "es"
          },
          "lib/net461/es/UiPath.System.Activities.resources.dll": {
            "locale": "es"
          },
          "lib/net461/fr/UiPath.System.Activities.Design.resources.dll": {
            "locale": "fr"
          },
          "lib/net461/fr/UiPath.System.Activities.resources.dll": {
            "locale": "fr"
          },
          "lib/net461/ja/UiPath.System.Activities.Design.resources.dll": {
            "locale": "ja"
          },
          "lib/net461/ja/UiPath.System.Activities.resources.dll": {
            "locale": "ja"
          },
          "lib/net461/ko/UiPath.System.Activities.Design.resources.dll": {
            "locale": "ko"
          },
          "lib/net461/ko/UiPath.System.Activities.resources.dll": {
            "locale": "ko"
          },
          "lib/net461/pt-BR/UiPath.System.Activities.Design.resources.dll": {
            "locale": "pt-BR"
          },
          "lib/net461/pt-BR/UiPath.System.Activities.resources.dll": {
            "locale": "pt-BR"
          },
          "lib/net461/pt/UiPath.System.Activities.Design.resources.dll": {
            "locale": "pt"
          },
          "lib/net461/pt/UiPath.System.Activities.resources.dll": {
            "locale": "pt"
          },
          "lib/net461/ru/UiPath.System.Activities.Design.resources.dll": {
            "locale": "ru"
          },
          "lib/net461/ru/UiPath.System.Activities.resources.dll": {
            "locale": "ru"
          },
          "lib/net461/tr/UiPath.System.Activities.Design.resources.dll": {
            "locale": "tr"
          },
          "lib/net461/tr/UiPath.System.Activities.resources.dll": {
            "locale": "tr"
          },
          "lib/net461/zh-CN/UiPath.System.Activities.Design.resources.dll": {
            "locale": "zh-CN"
          },
          "lib/net461/zh-CN/UiPath.System.Activities.resources.dll": {
            "locale": "zh-CN"
          }
        }
      },
      "UiPath.UIAutomation.Activities/19.11.0": {
        "type": "package",
        "dependencies": {
          "AvalonEdit": "5.0.3",
          "Extended.Wpf.Toolkit": "2.8.0",
          "Humanizer.Core": "2.4.2",
          "Newtonsoft.Json": "11.0.2",
          "UiPath": "19.10.7275.19994",
          "UiPath.OCR.Contracts": "2.2.1",
          "UiPath.Vision": "2.0.0"
        },
        "compile": {
          "lib/net461/_._": {}
        },
        "runtime": {
          "lib/net461/ActiproSoftware.DataGrid.Contrib.Wpf.dll": {},
          "lib/net461/ActiproSoftware.Docking.Wpf.dll": {},
          "lib/net461/ActiproSoftware.Editors.Wpf.dll": {},
          "lib/net461/ActiproSoftware.Ribbon.Wpf.dll": {},
          "lib/net461/ActiproSoftware.Shared.Wpf.dll": {},
          "lib/net461/ActiproSoftware.SyntaxEditor.Addons.DotNet.Wpf.dll": {},
          "lib/net461/ActiproSoftware.SyntaxEditor.Wpf.dll": {},
          "lib/net461/ActiproSoftware.Text.Addons.DotNet.Wpf.dll": {},
          "lib/net461/ActiproSoftware.Text.LLParser.Wpf.dll": {},
          "lib/net461/ActiproSoftware.Text.Wpf.dll": {},
          "lib/net461/ActiproSoftware.Wizard.Wpf.dll": {},
          "lib/net461/UiPath.CV.Activities.Design.dll": {},
          "lib/net461/UiPath.CV.Activities.dll": {},
          "lib/net461/UiPath.CV.dll": {},
          "lib/net461/UiPath.UIAutomation.Activities.Design.dll": {},
          "lib/net461/UiPath.UiAutomation.Activities.dll": {},
          "lib/net461/UiPath.Wizards.dll": {}
        },
        "resource": {
          "lib/net461/de/UiPath.CV.Activities.Design.resources.dll": {
            "locale": "de"
          },
          "lib/net461/de/UiPath.CV.Activities.resources.dll": {
            "locale": "de"
          },
          "lib/net461/de/UiPath.CV.resources.dll": {
            "locale": "de"
          },
          "lib/net461/de/UiPath.UIAutomation.Activities.Design.resources.dll": {
            "locale": "de"
          },
          "lib/net461/de/UiPath.UiAutomation.Activities.resources.dll": {
            "locale": "de"
          },
          "lib/net461/de/UiPath.Wizards.resources.dll": {
            "locale": "de"
          },
          "lib/net461/es-MX/UiPath.CV.Activities.Design.resources.dll": {
            "locale": "es-MX"
          },
          "lib/net461/es-MX/UiPath.CV.Activities.resources.dll": {
            "locale": "es-MX"
          },
          "lib/net461/es-MX/UiPath.CV.resources.dll": {
            "locale": "es-MX"
          },
          "lib/net461/es-MX/UiPath.UIAutomation.Activities.Design.resources.dll": {
            "locale": "es-MX"
          },
          "lib/net461/es-MX/UiPath.UiAutomation.Activities.resources.dll": {
            "locale": "es-MX"
          },
          "lib/net461/es-MX/UiPath.Wizards.resources.dll": {
            "locale": "es-MX"
          },
          "lib/net461/es/UiPath.CV.Activities.Design.resources.dll": {
            "locale": "es"
          },
          "lib/net461/es/UiPath.CV.Activities.resources.dll": {
            "locale": "es"
          },
          "lib/net461/es/UiPath.CV.resources.dll": {
            "locale": "es"
          },
          "lib/net461/es/UiPath.UIAutomation.Activities.Design.resources.dll": {
            "locale": "es"
          },
          "lib/net461/es/UiPath.UiAutomation.Activities.resources.dll": {
            "locale": "es"
          },
          "lib/net461/es/UiPath.Wizards.resources.dll": {
            "locale": "es"
          },
          "lib/net461/fr/UiPath.CV.Activities.Design.resources.dll": {
            "locale": "fr"
          },
          "lib/net461/fr/UiPath.CV.Activities.resources.dll": {
            "locale": "fr"
          },
          "lib/net461/fr/UiPath.CV.resources.dll": {
            "locale": "fr"
          },
          "lib/net461/fr/UiPath.UIAutomation.Activities.Design.resources.dll": {
            "locale": "fr"
          },
          "lib/net461/fr/UiPath.UiAutomation.Activities.resources.dll": {
            "locale": "fr"
          },
          "lib/net461/fr/UiPath.Wizards.resources.dll": {
            "locale": "fr"
          },
          "lib/net461/ja/UiPath.CV.Activities.Design.resources.dll": {
            "locale": "ja"
          },
          "lib/net461/ja/UiPath.CV.Activities.resources.dll": {
            "locale": "ja"
          },
          "lib/net461/ja/UiPath.CV.resources.dll": {
            "locale": "ja"
          },
          "lib/net461/ja/UiPath.UIAutomation.Activities.Design.resources.dll": {
            "locale": "ja"
          },
          "lib/net461/ja/UiPath.UiAutomation.Activities.resources.dll": {
            "locale": "ja"
          },
          "lib/net461/ja/UiPath.Wizards.resources.dll": {
            "locale": "ja"
          },
          "lib/net461/ko/UiPath.CV.Activities.Design.resources.dll": {
            "locale": "ko"
          },
          "lib/net461/ko/UiPath.CV.Activities.resources.dll": {
            "locale": "ko"
          },
          "lib/net461/ko/UiPath.CV.resources.dll": {
            "locale": "ko"
          },
          "lib/net461/ko/UiPath.UIAutomation.Activities.Design.resources.dll": {
            "locale": "ko"
          },
          "lib/net461/ko/UiPath.UiAutomation.Activities.resources.dll": {
            "locale": "ko"
          },
          "lib/net461/ko/UiPath.Wizards.resources.dll": {
            "locale": "ko"
          },
          "lib/net461/pt-BR/UiPath.CV.Activities.Design.resources.dll": {
            "locale": "pt-BR"
          },
          "lib/net461/pt-BR/UiPath.CV.Activities.resources.dll": {
            "locale": "pt-BR"
          },
          "lib/net461/pt-BR/UiPath.CV.resources.dll": {
            "locale": "pt-BR"
          },
          "lib/net461/pt-BR/UiPath.UIAutomation.Activities.Design.resources.dll": {
            "locale": "pt-BR"
          },
          "lib/net461/pt-BR/UiPath.UiAutomation.Activities.resources.dll": {
            "locale": "pt-BR"
          },
          "lib/net461/pt-BR/UiPath.Wizards.resources.dll": {
            "locale": "pt-BR"
          },
          "lib/net461/pt/UiPath.CV.Activities.Design.resources.dll": {
            "locale": "pt"
          },
          "lib/net461/pt/UiPath.CV.Activities.resources.dll": {
            "locale": "pt"
          },
          "lib/net461/pt/UiPath.CV.resources.dll": {
            "locale": "pt"
          },
          "lib/net461/pt/UiPath.UIAutomation.Activities.Design.resources.dll": {
            "locale": "pt"
          },
          "lib/net461/pt/UiPath.UiAutomation.Activities.resources.dll": {
            "locale": "pt"
          },
          "lib/net461/pt/UiPath.Wizards.resources.dll": {
            "locale": "pt"
          },
          "lib/net461/ru/UiPath.CV.Activities.Design.resources.dll": {
            "locale": "ru"
          },
          "lib/net461/ru/UiPath.CV.Activities.resources.dll": {
            "locale": "ru"
          },
          "lib/net461/ru/UiPath.CV.resources.dll": {
            "locale": "ru"
          },
          "lib/net461/ru/UiPath.UIAutomation.Activities.Design.resources.dll": {
            "locale": "ru"
          },
          "lib/net461/ru/UiPath.UiAutomation.Activities.resources.dll": {
            "locale": "ru"
          },
          "lib/net461/ru/UiPath.Wizards.resources.dll": {
            "locale": "ru"
          },
          "lib/net461/tr/UiPath.CV.Activities.Design.resources.dll": {
            "locale": "tr"
          },
          "lib/net461/tr/UiPath.CV.Activities.resources.dll": {
            "locale": "tr"
          },
          "lib/net461/tr/UiPath.CV.resources.dll": {
            "locale": "tr"
          },
          "lib/net461/tr/UiPath.UIAutomation.Activities.Design.resources.dll": {
            "locale": "tr"
          },
          "lib/net461/tr/UiPath.UiAutomation.Activities.resources.dll": {
            "locale": "tr"
          },
          "lib/net461/tr/UiPath.Wizards.resources.dll": {
            "locale": "tr"
          },
          "lib/net461/zh-CN/UiPath.CV.Activities.Design.resources.dll": {
            "locale": "zh-CN"
          },
          "lib/net461/zh-CN/UiPath.CV.Activities.resources.dll": {
            "locale": "zh-CN"
          },
          "lib/net461/zh-CN/UiPath.CV.resources.dll": {
            "locale": "zh-CN"
          },
          "lib/net461/zh-CN/UiPath.UIAutomation.Activities.Design.resources.dll": {
            "locale": "zh-CN"
          },
          "lib/net461/zh-CN/UiPath.UiAutomation.Activities.resources.dll": {
            "locale": "zh-CN"
          },
          "lib/net461/zh-CN/UiPath.Wizards.resources.dll": {
            "locale": "zh-CN"
          }
        }
      },
      "UiPath.Vision/2.0.0": {
        "type": "package",
        "dependencies": {
          "UiPath.OCR.Contracts": "2.2.1"
        },
        "compile": {
          "lib/net452/_._": {}
        },
        "runtime": {
          "lib/net452/UiPath.Vision.Core.dll": {},
          "lib/net452/UiPath.Vision.dll": {}
        }
      }
    }
  },
  "libraries": {
    "AvalonEdit/5.0.3": {
      "sha512": "L5CgXRniZRxI/tjoBztVgZnvTL1F/qKrRJa+Q88I0Gl78WRNaqdMkuOlkAsOHTauBGZSQNDO0/X+xIpzfzmLdQ==",
      "type": "package",
      "path": "avalonedit/5.0.3",
      "files": [
        ".nupkg.metadata",
        ".signature.p7s",
        "avalonedit.5.0.3.nupkg.sha512",
        "avalonedit.nuspec",
        "lib/Net35/ICSharpCode.AvalonEdit.dll",
        "lib/Net35/ICSharpCode.AvalonEdit.xml",
        "lib/Net40/ICSharpCode.AvalonEdit.dll",
        "lib/Net40/ICSharpCode.AvalonEdit.xml"
      ]
    },
    "BitMiracle.Docotic.Pdf/5.10.9957": {
      "sha512": "Ytz10JYo2XL5dLKEwPq60fvtWvWCiTDC6BGkaW9SN6CZ5ItAHINEWE1bdycYWXHQtka0ZkjkAUWtcNhdXdeFAg==",
      "type": "package",
      "path": "bitmiracle.docotic.pdf/5.10.9957",
      "files": [
        ".nupkg.metadata",
        ".signature.p7s",
        "bitmiracle.docotic.pdf.5.10.9957.nupkg.sha512",
        "bitmiracle.docotic.pdf.nuspec",
        "lib/net40/BitMiracle.Docotic.Pdf.dll",
        "lib/net40/BitMiracle.Docotic.Pdf.xml",
        "lib/netstandard2.0/BitMiracle.Docotic.Pdf.dll",
        "lib/netstandard2.0/BitMiracle.Docotic.Pdf.xml",
        "license.txt",
        "readme.txt"
      ]
    },
    "BouncyCastle/1.8.5": {
      "sha512": "196QWfvglefGd/Cr2C4hIdmA9HYkLFZovxJ7L0BAOFlNn+qlmVxqpxpcKGoC5AF4rOuoUq3ylzLgKZW5j4nmDQ==",
      "type": "package",
      "path": "bouncycastle/1.8.5",
      "files": [
        ".nupkg.metadata",
        ".signature.p7s",
        "README.md",
        "bouncycastle.1.8.5.nupkg.sha512",
        "bouncycastle.nuspec",
        "lib/BouncyCastle.Crypto.dll"
      ]
    },
    "ClosedXML/0.87.1": {
      "sha512": "2LC0T8bu2G2kt34C4Ig87uZfrRO4MwMVI54e2To7m3DvwAs2Z2Ir86WQuUoW8Txo1uNGSfmu3DpfpQhSX0bIww==",
      "type": "package",
      "path": "closedxml/0.87.1",
      "files": [
        ".nupkg.metadata",
        ".signature.p7s",
        "closedxml.0.87.1.nupkg.sha512",
        "closedxml.nuspec",
        "lib/net35/ClosedXML.dll",
        "lib/net35/ClosedXML.pdb",
        "lib/net35/ClosedXML.xml",
        "lib/net40/ClosedXML.dll",
        "lib/net40/ClosedXML.pdb",
        "lib/net40/ClosedXML.xml"
      ]
    },
    "CsvHelper/2.13.5": {
      "sha512": "fC8DPi/YTcZ8uXFiAeuT9EpsR2TE5cSJ2jg/4tht/Oen6az/djebpYoCQEtI33RfNrSZ533SedOknlWtUTX3fw==",
      "type": "package",
      "path": "csvhelper/2.13.5",
      "files": [
        ".nupkg.metadata",
        ".signature.p7s",
        "csvhelper.2.13.5.nupkg.sha512",
        "csvhelper.nuspec",
        "lib/net20/CsvHelper.dll",
        "lib/net20/CsvHelper.pdb",
        "lib/net20/CsvHelper.xml",
        "lib/net35-client/CsvHelper.dll",
        "lib/net35-client/CsvHelper.pdb",
        "lib/net35-client/CsvHelper.xml",
        "lib/net40-client/CsvHelper.dll",
        "lib/net40-client/CsvHelper.pdb",
        "lib/net40-client/CsvHelper.xml",
        "lib/portable-net40+sl5+win8+wpa+wp8/CsvHelper.dll",
        "lib/portable-net40+sl5+win8+wpa+wp8/CsvHelper.pdb",
        "lib/portable-net40+sl5+win8+wpa+wp8/CsvHelper.xml"
      ]
    },
    "DirectorySearch/1.0.0": {
      "sha512": "6Ru/pEs6JMu9AKVhKI2rX5pbAy0iXx2ih/FocViIv5bEWp9RCfTwXWLUMZ8IHm9rI54Wek4k43FsXJBpM1LzNA==",
      "type": "package",
      "path": "directorysearch/1.0.0",
      "files": [
        ".nupkg.metadata",
        "directorysearch.1.0.0.nupkg.sha512",
        "directorysearch.nuspec",
        "lib/DirectorySearch.dll"
      ]
    },
    "DocumentFormat.OpenXml/2.5.0": {
      "sha512": "H5jnox0hcLwzAjrpNqDPIItjh7dplF1kk1z8LatpI2h75wBgps1MepEttJFKs7xedQReCMHA0tGpNI0H2B+Mrg==",
      "type": "package",
      "path": "documentformat.openxml/2.5.0",
      "files": [
        ".nupkg.metadata",
        ".signature.p7s",
        "documentformat.openxml.2.5.0.nupkg.sha512",
        "documentformat.openxml.nuspec",
        "lib/DocumentFormat.OpenXml.dll"
      ]
    },
    "Extended.Wpf.Toolkit/2.8.0": {
      "sha512": "wKjJl4sDyXTVzgiKTBTw8jT0/3OwpEklQuWGe1Nz2HX0joiBeUzIurY2mnERni+8XHwateRcuks6yk/cuR22fA==",
      "type": "package",
      "path": "extended.wpf.toolkit/2.8.0",
      "hasTools": true,
      "files": [
        ".nupkg.metadata",
        ".signature.p7s",
        "extended.wpf.toolkit.2.8.0.nupkg.sha512",
        "extended.wpf.toolkit.nuspec",
        "lib/net35/WPFToolkit.dll",
        "lib/net35/Xceed.Wpf.Toolkit.dll",
        "lib/net40/Xceed.Wpf.AvalonDock.Themes.Aero.dll",
        "lib/net40/Xceed.Wpf.AvalonDock.Themes.Metro.dll",
        "lib/net40/Xceed.Wpf.AvalonDock.Themes.VS2010.dll",
        "lib/net40/Xceed.Wpf.AvalonDock.dll",
        "lib/net40/Xceed.Wpf.DataGrid.dll",
        "lib/net40/Xceed.Wpf.Toolkit.dll",
        "lib/net40/de/Xceed.Wpf.AvalonDock.resources.dll",
        "lib/net40/es/Xceed.Wpf.AvalonDock.resources.dll",
        "lib/net40/fr/Xceed.Wpf.AvalonDock.resources.dll",
        "lib/net40/hu/Xceed.Wpf.AvalonDock.resources.dll",
        "lib/net40/it/Xceed.Wpf.AvalonDock.resources.dll",
        "lib/net40/pt-BR/Xceed.Wpf.AvalonDock.resources.dll",
        "lib/net40/ro/Xceed.Wpf.AvalonDock.resources.dll",
        "lib/net40/ru/Xceed.Wpf.AvalonDock.resources.dll",
        "lib/net40/sv/Xceed.Wpf.AvalonDock.resources.dll",
        "lib/net40/zh-Hans/Xceed.Wpf.AvalonDock.resources.dll",
        "tools/install.ps1"
      ]
    },
    "Humanizer.Core/2.4.2": {
      "sha512": "1ZKy7LHVYuhmM398hpvyWCcc2Fcx+hqiGYASELDthjWhVrsA6IabYnHRfkQFF6nGG6x4fA1D0StDX/U2Pj+FdQ==",
      "type": "package",
      "path": "humanizer.core/2.4.2",
      "files": [
        ".nupkg.metadata",
        ".signature.p7s",
        "humanizer.core.2.4.2.nupkg.sha512",
        "humanizer.core.nuspec",
        "lib/netstandard1.0/Humanizer.dll",
        "lib/netstandard1.0/Humanizer.xml",
        "lib/netstandard2.0/Humanizer.dll",
        "lib/netstandard2.0/Humanizer.xml"
      ]
    },
    "interop.domino.dll/1.0.0": {
      "sha512": "gKTX8fwrysbgSWSrJUpMpdp/qmRwYT8JTnbpFzTN72WnX3M1vxkHzpxH3oGMSqpHf20n9AZ0TzDJkt2itp6hyQ==",
      "type": "package",
      "path": "interop.domino.dll/1.0.0",
      "files": [
        ".nupkg.metadata",
        ".signature.p7s",
        "interop.domino.dll.1.0.0.nupkg.sha512",
        "interop.domino.dll.nuspec",
        "lib/Interop.Domino.dll"
      ]
    },
    "Microsoft.AspNet.SignalR.Client/2.4.0": {
      "sha512": "xGoQq9dEsBU49U1Whl0To2JyRQePmo8ayYS8VNruLlQaX+fQBzYyLJeMlW9r7mlt8Vc9JP+083m9pKrfYpdDbg==",
      "type": "package",
      "path": "microsoft.aspnet.signalr.client/2.4.0",
      "files": [
        ".nupkg.metadata",
        ".signature.p7s",
        "lib/net40/Microsoft.AspNet.SignalR.Client.dll",
        "lib/net40/Microsoft.AspNet.SignalR.Client.pdb",
        "lib/net40/Microsoft.AspNet.SignalR.Client.xml",
        "lib/net45/Microsoft.AspNet.SignalR.Client.dll",
        "lib/net45/Microsoft.AspNet.SignalR.Client.pdb",
        "lib/net45/Microsoft.AspNet.SignalR.Client.xml",
        "lib/netstandard1.3/Microsoft.AspNet.SignalR.Client.dll",
        "lib/netstandard1.3/Microsoft.AspNet.SignalR.Client.pdb",
        "lib/netstandard1.3/Microsoft.AspNet.SignalR.Client.xml",
        "lib/netstandard2.0/Microsoft.AspNet.SignalR.Client.dll",
        "lib/netstandard2.0/Microsoft.AspNet.SignalR.Client.pdb",
        "lib/netstandard2.0/Microsoft.AspNet.SignalR.Client.xml",
        "microsoft.aspnet.signalr.client.2.4.0.nupkg.sha512",
        "microsoft.aspnet.signalr.client.nuspec"
      ]
    },
    "Microsoft.Exchange.WebServices/2.2.0": {
      "sha512": "NlkaTD0uWtg9VbiWq0VDWMBPzHFknH3tmstrxt0acrT09LBGqATTjRpsGOODz6tUdX7/dehBinxsf75U5Uw/+A==",
      "type": "package",
      "path": "microsoft.exchange.webservices/2.2.0",
      "files": [
        ".nupkg.metadata",
        ".signature.p7s",
        "doc/License Terms.rtf",
        "doc/README.htm",
        "doc/Redist.txt",
        "lib/40/Microsoft.Exchange.WebServices.Auth.dll",
        "lib/40/Microsoft.Exchange.WebServices.Auth.pdb",
        "lib/40/Microsoft.Exchange.WebServices.Auth.xml",
        "lib/40/Microsoft.Exchange.WebServices.dll",
        "lib/40/Microsoft.Exchange.WebServices.pdb",
        "lib/40/Microsoft.Exchange.WebServices.xml",
        "microsoft.exchange.webservices.2.2.0.nupkg.sha512",
        "microsoft.exchange.webservices.nuspec"
      ]
    },
    "Microsoft.Rest.ClientRuntime/2.3.20": {
      "sha512": "bw/H1nO4JdnhTagPHWIFQwtlQ6rb2jqw5RTrqPsPqzrjhJxc7P6MyNGdf4pgHQdzdpBSNOfZTEQifoUkxmzYXQ==",
      "type": "package",
      "path": "microsoft.rest.clientruntime/2.3.20",
      "files": [
        ".nupkg.metadata",
        ".signature.p7s",
        "lib/net452/Microsoft.Rest.ClientRuntime.dll",
        "lib/net452/Microsoft.Rest.ClientRuntime.runtimeconfig.json",
        "lib/net452/Microsoft.Rest.ClientRuntime.xml",
        "lib/net461/Microsoft.Rest.ClientRuntime.dll",
        "lib/net461/Microsoft.Rest.ClientRuntime.runtimeconfig.json",
        "lib/net461/Microsoft.Rest.ClientRuntime.xml",
        "lib/netstandard1.4/Microsoft.Rest.ClientRuntime.dll",
        "lib/netstandard1.4/Microsoft.Rest.ClientRuntime.runtimeconfig.json",
        "lib/netstandard1.4/Microsoft.Rest.ClientRuntime.xml",
        "lib/netstandard2.0/Microsoft.Rest.ClientRuntime.dll",
        "lib/netstandard2.0/Microsoft.Rest.ClientRuntime.runtimeconfig.json",
        "lib/netstandard2.0/Microsoft.Rest.ClientRuntime.xml",
        "microsoft.rest.clientruntime.2.3.20.nupkg.sha512",
        "microsoft.rest.clientruntime.nuspec"
      ]
    },
    "Microsoft.VisualStudio.OLE.Interop/7.10.6071": {
      "sha512": "PuINhJH41DbKfkNU+qcyC4Wlt/z0DgI/ViZv6gjUclylnFbUIpCdqm4fK+PKJDfiarHTKnGWkxjKuOIS1Bqs5Q==",
      "type": "package",
      "path": "microsoft.visualstudio.ole.interop/7.10.6071",
      "files": [
        ".nupkg.metadata",
        ".signature.p7s",
        "lib/Microsoft.VisualStudio.OLE.Interop.dll",
        "lib/Microsoft.VisualStudio.OLE.Interop.xml",
        "microsoft.visualstudio.ole.interop.7.10.6071.nupkg.sha512",
        "microsoft.visualstudio.ole.interop.nuspec"
      ]
    },
    "Newtonsoft.Json/11.0.2": {
      "sha512": "IvJe1pj7JHEsP8B8J8DwlMEx8UInrs/x+9oVY+oCD13jpLu4JbJU2WCIsMRn5C4yW9+DgkaO8uiVE5VHKjpmdQ==",
      "type": "package",
      "path": "newtonsoft.json/11.0.2",
      "files": [
        ".nupkg.metadata",
        ".signature.p7s",
        "LICENSE.md",
        "lib/net20/Newtonsoft.Json.dll",
        "lib/net20/Newtonsoft.Json.xml",
        "lib/net35/Newtonsoft.Json.dll",
        "lib/net35/Newtonsoft.Json.xml",
        "lib/net40/Newtonsoft.Json.dll",
        "lib/net40/Newtonsoft.Json.xml",
        "lib/net45/Newtonsoft.Json.dll",
        "lib/net45/Newtonsoft.Json.xml",
        "lib/netstandard1.0/Newtonsoft.Json.dll",
        "lib/netstandard1.0/Newtonsoft.Json.xml",
        "lib/netstandard1.3/Newtonsoft.Json.dll",
        "lib/netstandard1.3/Newtonsoft.Json.xml",
        "lib/netstandard2.0/Newtonsoft.Json.dll",
        "lib/netstandard2.0/Newtonsoft.Json.xml",
        "lib/portable-net40+sl5+win8+wp8+wpa81/Newtonsoft.Json.dll",
        "lib/portable-net40+sl5+win8+wp8+wpa81/Newtonsoft.Json.xml",
        "lib/portable-net45+win8+wp8+wpa81/Newtonsoft.Json.dll",
        "lib/portable-net45+win8+wp8+wpa81/Newtonsoft.Json.xml",
        "newtonsoft.json.11.0.2.nupkg.sha512",
        "newtonsoft.json.nuspec"
      ]
    },
    "NPOI/2.4.1": {
      "sha512": "85790/CY9z4DCU1KLpcdLSqaqaqmQOenTqXJfcsYK8LIKNAAoTgjT5LYLbORgdwAd63sbaJiCfB1SIn/dAXrJw==",
      "type": "package",
      "path": "npoi/2.4.1",
      "files": [
        ".nupkg.metadata",
        ".signature.p7s",
        "LICENSE",
        "Read Me.txt",
        "lib/NPOI.xml",
        "lib/net40/NPOI.OOXML.dll",
        "lib/net40/NPOI.OpenXml4Net.dll",
        "lib/net40/NPOI.OpenXmlFormats.dll",
        "lib/net40/NPOI.dll",
        "lib/net45/NPOI.OOXML.dll",
        "lib/net45/NPOI.OpenXml4Net.dll",
        "lib/net45/NPOI.OpenXmlFormats.dll",
        "lib/net45/NPOI.dll",
        "lib/netstandard2.0/NPOI.OOXML.deps.json",
        "lib/netstandard2.0/NPOI.OOXML.dll",
        "lib/netstandard2.0/NPOI.OpenXml4Net.deps.json",
        "lib/netstandard2.0/NPOI.OpenXml4Net.dll",
        "lib/netstandard2.0/NPOI.OpenXmlFormats.deps.json",
        "lib/netstandard2.0/NPOI.OpenXmlFormats.dll",
        "lib/netstandard2.0/NPOI.deps.json",
        "lib/netstandard2.0/NPOI.dll",
        "logo/120_120.jpg",
        "logo/240_240.png",
        "logo/32_32.jpg",
        "logo/60_60.jpg",
        "npoi.2.4.1.nupkg.sha512",
        "npoi.nuspec"
      ]
    },
    "SharpZipLib/1.0.0": {
      "sha512": "YuYztmY3jEb21F6e5LIPHJjApdtzdCPQ284UzsCKNfkgW71bukFHJES6RbKi+wm053XzFg0LX5/2vj/9gl8F/g==",
      "type": "package",
      "path": "sharpziplib/1.0.0",
      "files": [
        ".nupkg.metadata",
        ".signature.p7s",
        "lib/net45/ICSharpCode.SharpZipLib.dll",
        "lib/net45/ICSharpCode.SharpZipLib.xml",
        "lib/netstandard2.0/ICSharpCode.SharpZipLib.dll",
        "lib/netstandard2.0/ICSharpCode.SharpZipLib.xml",
        "sharpziplib.1.0.0.nupkg.sha512",
        "sharpziplib.nuspec"
      ]
    },
    "System.ValueTuple/4.5.0": {
      "sha512": "okurQJO6NRE/apDIP23ajJ0hpiNmJ+f0BwOlB/cSqTLQlw5upkf+5+96+iG2Jw40G1fCVCyPz/FhIABUjMR+RQ==",
      "type": "package",
      "path": "system.valuetuple/4.5.0",
      "files": [
        ".nupkg.metadata",
        ".signature.p7s",
        "LICENSE.TXT",
        "THIRD-PARTY-NOTICES.TXT",
        "lib/MonoAndroid10/_._",
        "lib/MonoTouch10/_._",
        "lib/net461/System.ValueTuple.dll",
        "lib/net461/System.ValueTuple.xml",
        "lib/net47/System.ValueTuple.dll",
        "lib/net47/System.ValueTuple.xml",
        "lib/netcoreapp2.0/_._",
        "lib/netstandard1.0/System.ValueTuple.dll",
        "lib/netstandard1.0/System.ValueTuple.xml",
        "lib/netstandard2.0/_._",
        "lib/portable-net40+sl4+win8+wp8/System.ValueTuple.dll",
        "lib/portable-net40+sl4+win8+wp8/System.ValueTuple.xml",
        "lib/uap10.0.16299/_._",
        "lib/xamarinios10/_._",
        "lib/xamarinmac20/_._",
        "lib/xamarintvos10/_._",
        "lib/xamarinwatchos10/_._",
        "ref/MonoAndroid10/_._",
        "ref/MonoTouch10/_._",
        "ref/net461/System.ValueTuple.dll",
        "ref/net47/System.ValueTuple.dll",
        "ref/netcoreapp2.0/_._",
        "ref/netstandard2.0/_._",
        "ref/portable-net40+sl4+win8+wp8/System.ValueTuple.dll",
        "ref/uap10.0.16299/_._",
        "ref/xamarinios10/_._",
        "ref/xamarinmac20/_._",
        "ref/xamarintvos10/_._",
        "ref/xamarinwatchos10/_._",
        "system.valuetuple.4.5.0.nupkg.sha512",
        "system.valuetuple.nuspec",
        "useSharedDesignerContext.txt",
        "version.txt"
      ]
    },
    "UiPath/19.10.7275.19994": {
      "sha512": "QkdubGC0bbYTVF+kLSunivnUGOCRmSvgQ6S2DjOgZLAZy8oceZdIJmujlicziTPDzlytwAmf1mo6KHHeOjMTvA==",
      "type": "package",
      "path": "uipath/19.10.7275.19994",
      "files": [
        ".nupkg.metadata",
        ".signature.p7s",
        "build/UiPath.targets",
        "build/UiPath/BrowserNativeMessagingImpl.dll",
        "build/UiPath/FuncServer_x64.exe",
        "build/UiPath/FuncServer_x86.exe",
        "build/UiPath/JavaSupport/UiPathBridge.jar",
        "build/UiPath/JavaSupport/UiPathJBIntruder.jar",
        "build/UiPath/JavaSupport/UiPathJBIntruderV8.jar",
        "build/UiPath/JavaSupport/UiPathV8.jar",
        "build/UiPath/JavaSupport/attach_x64/6/attach.dll",
        "build/UiPath/JavaSupport/attach_x64/7/attach.dll",
        "build/UiPath/JavaSupport/attach_x86/6/attach.dll",
        "build/UiPath/JavaSupport/attach_x86/7/attach.dll",
        "build/UiPath/JavaSupport/jaccess-1_2.jar",
        "build/UiPath/JavaSupport/jaccess-1_3.jar",
        "build/UiPath/JavaSupport/jaccess-1_4.jar",
        "build/UiPath/JavaSupport/jaccess.jar",
        "build/UiPath/JavaSupport/tools.jar",
        "build/UiPath/JavaSupport/toolsV8.jar",
        "build/UiPath/JavaSupport/xml-apis.jar",
        "build/UiPath/Resources/x32.manifest",
        "build/UiPath/Resources/x64.manifest",
        "build/UiPath/SLBroker.dll",
        "build/UiPath/SLBroker.xap",
        "build/UiPath/SLHook.dll",
        "build/UiPath/ShaferFilechck.dll",
        "build/UiPath/TCapture.dll",
        "build/UiPath/TCapture_x64.dll",
        "build/UiPath/UiPath.dll",
        "build/UiPath/UiPathJavaBridgeImplV8.dll",
        "build/UiPath/UiPathJavaBridgeImplV8_x64.dll",
        "build/UiPath/UiPathJavaBridgeV8.dll",
        "build/UiPath/UiPathJavaBridgeV8_x64.dll",
        "build/UiPath/UiPathRemote.exe",
        "build/UiPath/UiPathSLB.dll",
        "build/UiPath/UiPathSLB_x64.dll",
        "build/UiPath/UiPath_x64.dll",
        "build/UiPath/aahook.dll",
        "build/UiPath/aahook_x64.dll",
        "build/UiPath/libcurl_x64.dll",
        "build/UiPath/libcurl_x86.dll",
        "build/UiPath/license.config",
        "build/UiPath/msvcr100.dll",
        "build/UiPath/slinject.exe",
        "build/UiPath/x64/ShaferFilechck_x64.DLL",
        "build/UiPath/x64/msvcr100.dll",
        "lib/UiPath.Interop.dll",
        "uipath.19.10.7275.19994.nupkg.sha512",
        "uipath.nuspec"
      ]
    },
    "UiPath.Excel.Activities/2.7.2": {
      "sha512": "wmOu6H+JPigFH6fO7mZTpH6xLYB14PUWprAtNsrjtu6zt1QUUcTHxjFq3d3HgK8vsERc0ZyoVUhIvqskxFScUQ==",
      "type": "package",
      "path": "uipath.excel.activities/2.7.2",
      "files": [
        ".nupkg.metadata",
        ".signature.p7s",
        "lib/net461/UiPath.Excel.Activities.Design.dll",
        "lib/net461/UiPath.Excel.Activities.dll",
        "lib/net461/UiPath.Excel.dll",
        "lib/net461/de/UiPath.Excel.Activities.Design.resources.dll",
        "lib/net461/de/UiPath.Excel.Activities.resources.dll",
        "lib/net461/de/UiPath.Excel.resources.dll",
        "lib/net461/es-MX/UiPath.Excel.Activities.Design.resources.dll",
        "lib/net461/es-MX/UiPath.Excel.Activities.resources.dll",
        "lib/net461/es-MX/UiPath.Excel.resources.dll",
        "lib/net461/es/UiPath.Excel.Activities.Design.resources.dll",
        "lib/net461/es/UiPath.Excel.Activities.resources.dll",
        "lib/net461/es/UiPath.Excel.resources.dll",
        "lib/net461/fr/UiPath.Excel.Activities.Design.resources.dll",
        "lib/net461/fr/UiPath.Excel.Activities.resources.dll",
        "lib/net461/fr/UiPath.Excel.resources.dll",
        "lib/net461/ja/UiPath.Excel.Activities.Design.resources.dll",
        "lib/net461/ja/UiPath.Excel.Activities.resources.dll",
        "lib/net461/ja/UiPath.Excel.resources.dll",
        "lib/net461/ko/UiPath.Excel.Activities.Design.resources.dll",
        "lib/net461/ko/UiPath.Excel.Activities.resources.dll",
        "lib/net461/ko/UiPath.Excel.resources.dll",
        "lib/net461/pt-BR/UiPath.Excel.Activities.Design.resources.dll",
        "lib/net461/pt-BR/UiPath.Excel.Activities.resources.dll",
        "lib/net461/pt-BR/UiPath.Excel.resources.dll",
        "lib/net461/pt/UiPath.Excel.Activities.Design.resources.dll",
        "lib/net461/pt/UiPath.Excel.Activities.resources.dll",
        "lib/net461/pt/UiPath.Excel.resources.dll",
        "lib/net461/ru/UiPath.Excel.Activities.Design.resources.dll",
        "lib/net461/ru/UiPath.Excel.Activities.resources.dll",
        "lib/net461/ru/UiPath.Excel.resources.dll",
        "lib/net461/tr/UiPath.Excel.Activities.Design.resources.dll",
        "lib/net461/tr/UiPath.Excel.Activities.resources.dll",
        "lib/net461/tr/UiPath.Excel.resources.dll",
        "lib/net461/zh-CN/UiPath.Excel.Activities.Design.resources.dll",
        "lib/net461/zh-CN/UiPath.Excel.Activities.resources.dll",
        "lib/net461/zh-CN/UiPath.Excel.resources.dll",
        "uipath.excel.activities.2.7.2.nupkg.sha512",
        "uipath.excel.activities.nuspec"
      ]
    },
    "UiPath.Mail.Activities/1.7.2": {
      "sha512": "nmbFqLG4rHXAx/AKzXn55maa6ELzLNZTRXiV2kgHIP0fATtZd03yhyFp9qKziLjfRAOufxaZl4v3/WI8GHj6jg==",
      "type": "package",
      "path": "uipath.mail.activities/1.7.2",
      "files": [
        ".nupkg.metadata",
        ".signature.p7s",
        "lib/net461/MailKit.dll",
        "lib/net461/MailKit.xml",
        "lib/net461/MimeKit.dll",
        "lib/net461/MimeKit.xml",
        "lib/net461/UiPath.Mail.Activities.Design.dll",
        "lib/net461/UiPath.Mail.Activities.dll",
        "lib/net461/UiPath.Mail.dll",
        "lib/net461/de/UiPath.Mail.Activities.Design.resources.dll",
        "lib/net461/de/UiPath.Mail.Activities.resources.dll",
        "lib/net461/de/UiPath.Mail.resources.dll",
        "lib/net461/es-MX/UiPath.Mail.Activities.Design.resources.dll",
        "lib/net461/es-MX/UiPath.Mail.Activities.resources.dll",
        "lib/net461/es-MX/UiPath.Mail.resources.dll",
        "lib/net461/es/UiPath.Mail.Activities.Design.resources.dll",
        "lib/net461/es/UiPath.Mail.Activities.resources.dll",
        "lib/net461/es/UiPath.Mail.resources.dll",
        "lib/net461/fr/UiPath.Mail.Activities.Design.resources.dll",
        "lib/net461/fr/UiPath.Mail.Activities.resources.dll",
        "lib/net461/fr/UiPath.Mail.resources.dll",
        "lib/net461/ja/UiPath.Mail.Activities.Design.resources.dll",
        "lib/net461/ja/UiPath.Mail.Activities.resources.dll",
        "lib/net461/ja/UiPath.Mail.resources.dll",
        "lib/net461/ko/UiPath.Mail.Activities.Design.resources.dll",
        "lib/net461/ko/UiPath.Mail.Activities.resources.dll",
        "lib/net461/ko/UiPath.Mail.resources.dll",
        "lib/net461/pt-BR/UiPath.Mail.Activities.Design.resources.dll",
        "lib/net461/pt-BR/UiPath.Mail.Activities.resources.dll",
        "lib/net461/pt-BR/UiPath.Mail.resources.dll",
        "lib/net461/pt/UiPath.Mail.Activities.Design.resources.dll",
        "lib/net461/pt/UiPath.Mail.Activities.resources.dll",
        "lib/net461/pt/UiPath.Mail.resources.dll",
        "lib/net461/ru/UiPath.Mail.Activities.Design.resources.dll",
        "lib/net461/ru/UiPath.Mail.Activities.resources.dll",
        "lib/net461/ru/UiPath.Mail.resources.dll",
        "lib/net461/tr/UiPath.Mail.Activities.Design.resources.dll",
        "lib/net461/tr/UiPath.Mail.Activities.resources.dll",
        "lib/net461/tr/UiPath.Mail.resources.dll",
        "lib/net461/zh-CN/UiPath.Mail.Activities.Design.resources.dll",
        "lib/net461/zh-CN/UiPath.Mail.Activities.resources.dll",
        "lib/net461/zh-CN/UiPath.Mail.resources.dll",
        "uipath.mail.activities.1.7.2.nupkg.sha512",
        "uipath.mail.activities.nuspec"
      ]
    },
    "UiPath.OCR.Contracts/2.2.1": {
      "sha512": "pCG6EBke4YGKdCrWk+deQ9y+RZBwWR2m+GaX46laaeXJuF/TjxLw7ZmJ5ICR3KhERaUNGsUFW8l+hLFlL/8wPw==",
      "type": "package",
      "path": "uipath.ocr.contracts/2.2.1",
      "files": [
        ".nupkg.metadata",
        ".signature.p7s",
        "lib/net45/UiPath.OCR.Contracts.dll",
        "uipath.ocr.contracts.2.2.1.nupkg.sha512",
        "uipath.ocr.contracts.nuspec"
      ]
    },
    "UiPath.PDF.Activities/3.1.0": {
      "sha512": "miiVmOif9ZUQKfqDvBxS1sD3G/77+RweQkw5a4C4Hj695TRQSRMgVU1Ldsc2qbvdU9ufI8niF2MneUSoASZCgA==",
      "type": "package",
      "path": "uipath.pdf.activities/3.1.0",
      "files": [
        ".nupkg.metadata",
        ".signature.p7s",
        "lib/net461/UiPath.PDF.Activities.Design.dll",
        "lib/net461/UiPath.PDF.Activities.dll",
        "lib/net461/UiPath.PDF.dll",
        "lib/net461/de/UiPath.PDF.Activities.Design.resources.dll",
        "lib/net461/de/UiPath.PDF.Activities.resources.dll",
        "lib/net461/de/UiPath.PDF.resources.dll",
        "lib/net461/es-MX/UiPath.PDF.Activities.Design.resources.dll",
        "lib/net461/es-MX/UiPath.PDF.Activities.resources.dll",
        "lib/net461/es-MX/UiPath.PDF.resources.dll",
        "lib/net461/es/UiPath.PDF.Activities.Design.resources.dll",
        "lib/net461/es/UiPath.PDF.Activities.resources.dll",
        "lib/net461/es/UiPath.PDF.resources.dll",
        "lib/net461/fr/UiPath.PDF.Activities.Design.resources.dll",
        "lib/net461/fr/UiPath.PDF.Activities.resources.dll",
        "lib/net461/fr/UiPath.PDF.resources.dll",
        "lib/net461/ja/UiPath.PDF.Activities.Design.resources.dll",
        "lib/net461/ja/UiPath.PDF.Activities.resources.dll",
        "lib/net461/ja/UiPath.PDF.resources.dll",
        "lib/net461/ko/UiPath.PDF.Activities.Design.resources.dll",
        "lib/net461/ko/UiPath.PDF.Activities.resources.dll",
        "lib/net461/ko/UiPath.PDF.resources.dll",
        "lib/net461/pt-BR/UiPath.PDF.Activities.Design.resources.dll",
        "lib/net461/pt-BR/UiPath.PDF.Activities.resources.dll",
        "lib/net461/pt-BR/UiPath.PDF.resources.dll",
        "lib/net461/pt/UiPath.PDF.Activities.Design.resources.dll",
        "lib/net461/pt/UiPath.PDF.Activities.resources.dll",
        "lib/net461/pt/UiPath.PDF.resources.dll",
        "lib/net461/ru/UiPath.PDF.Activities.Design.resources.dll",
        "lib/net461/ru/UiPath.PDF.Activities.resources.dll",
        "lib/net461/ru/UiPath.PDF.resources.dll",
        "lib/net461/tr/UiPath.PDF.Activities.Design.resources.dll",
        "lib/net461/tr/UiPath.PDF.Activities.resources.dll",
        "lib/net461/tr/UiPath.PDF.resources.dll",
        "lib/net461/zh-CN/UiPath.PDF.Activities.Design.resources.dll",
        "lib/net461/zh-CN/UiPath.PDF.Activities.resources.dll",
        "lib/net461/zh-CN/UiPath.PDF.resources.dll",
        "uipath.pdf.activities.3.1.0.nupkg.sha512",
        "uipath.pdf.activities.nuspec"
      ]
    },
    "UiPath.System.Activities/19.10.1": {
      "sha512": "fLiUgsXLiNDP9PRF0QhAz0BQG2ZPtjj05c0kmZ3YKsO3FOBJfthI0joWdkvakGFFbPUPr90RDHq46vw5F+aneQ==",
      "type": "package",
      "path": "uipath.system.activities/19.10.1",
      "files": [
        ".nupkg.metadata",
        ".signature.p7s",
        "lib/net461/ActiproSoftware.Docking.Wpf.dll",
        "lib/net461/ActiproSoftware.Ribbon.Wpf.dll",
        "lib/net461/ActiproSoftware.Shared.Wpf.dll",
        "lib/net461/ActiproSoftware.SyntaxEditor.Addons.DotNet.Wpf.dll",
        "lib/net461/ActiproSoftware.SyntaxEditor.Wpf.dll",
        "lib/net461/ActiproSoftware.Text.Addons.DotNet.Wpf.dll",
        "lib/net461/ActiproSoftware.Text.LLParser.Wpf.dll",
        "lib/net461/ActiproSoftware.Text.Wpf.dll",
        "lib/net461/ActiproSoftware.Wizard.Wpf.dll",
        "lib/net461/CustomInputForm.exe",
        "lib/net461/UiPath.OrchestratorClient.dll",
        "lib/net461/UiPath.System.Activities.Design.dll",
        "lib/net461/UiPath.System.Activities.dll",
        "lib/net461/de/UiPath.System.Activities.Design.resources.dll",
        "lib/net461/de/UiPath.System.Activities.resources.dll",
        "lib/net461/es-MX/UiPath.System.Activities.Design.resources.dll",
        "lib/net461/es-MX/UiPath.System.Activities.resources.dll",
        "lib/net461/es/UiPath.System.Activities.Design.resources.dll",
        "lib/net461/es/UiPath.System.Activities.resources.dll",
        "lib/net461/fr/UiPath.System.Activities.Design.resources.dll",
        "lib/net461/fr/UiPath.System.Activities.resources.dll",
        "lib/net461/ja/UiPath.System.Activities.Design.resources.dll",
        "lib/net461/ja/UiPath.System.Activities.resources.dll",
        "lib/net461/ko/UiPath.System.Activities.Design.resources.dll",
        "lib/net461/ko/UiPath.System.Activities.resources.dll",
        "lib/net461/pt-BR/UiPath.System.Activities.Design.resources.dll",
        "lib/net461/pt-BR/UiPath.System.Activities.resources.dll",
        "lib/net461/pt/UiPath.System.Activities.Design.resources.dll",
        "lib/net461/pt/UiPath.System.Activities.resources.dll",
        "lib/net461/ru/UiPath.System.Activities.Design.resources.dll",
        "lib/net461/ru/UiPath.System.Activities.resources.dll",
        "lib/net461/tr/UiPath.System.Activities.Design.resources.dll",
        "lib/net461/tr/UiPath.System.Activities.resources.dll",
        "lib/net461/zh-CN/UiPath.System.Activities.Design.resources.dll",
        "lib/net461/zh-CN/UiPath.System.Activities.resources.dll",
        "uipath.system.activities.19.10.1.nupkg.sha512",
        "uipath.system.activities.nuspec"
      ]
    },
    "UiPath.UIAutomation.Activities/19.11.0": {
      "sha512": "sv+iQsU+qc6G14Vro51ToaK1KRadMgwFSccqoxhAjolUOgb+VwVlP4KhtAVf0x6/pwRYm0fOTgrIT5+7tgOvGg==",
      "type": "package",
      "path": "uipath.uiautomation.activities/19.11.0",
      "files": [
        ".nupkg.metadata",
        ".signature.p7s",
        "build/ActiproSoftware.DataGrid.Contrib.Wpf.dll",
        "build/ActiproSoftware.Docking.Wpf.dll",
        "build/ActiproSoftware.Editors.Wpf.dll",
        "build/ActiproSoftware.Ribbon.Wpf.dll",
        "build/ActiproSoftware.Shared.Wpf.dll",
        "build/ActiproSoftware.SyntaxEditor.Addons.DotNet.Wpf.dll",
        "build/ActiproSoftware.SyntaxEditor.Wpf.dll",
        "build/ActiproSoftware.Text.Addons.DotNet.Wpf.dll",
        "build/ActiproSoftware.Text.LLParser.Wpf.dll",
        "build/ActiproSoftware.Text.Wpf.dll",
        "build/ActiproSoftware.Wizard.Wpf.dll",
        "build/ICSharpCode.AvalonEdit.dll",
        "build/System.ValueTuple.dll",
        "build/UiExplorer.exe",
        "build/UiExplorer.exe.config",
        "build/UiPath.Activities.Contracts.dll",
        "build/UiPath.UIAutomation.Activities.Design.dll",
        "build/UiPath.UiAutomation.Activities.dll",
        "build/de/UiExplorer.resources.dll",
        "build/de/UiPath.UIAutomation.Activities.Design.resources.dll",
        "build/de/UiPath.UiAutomation.Activities.resources.dll",
        "build/es-MX/UiExplorer.resources.dll",
        "build/es-MX/UiPath.UIAutomation.Activities.Design.resources.dll",
        "build/es-MX/UiPath.UiAutomation.Activities.resources.dll",
        "build/es/UiExplorer.resources.dll",
        "build/es/UiPath.UIAutomation.Activities.Design.resources.dll",
        "build/es/UiPath.UiAutomation.Activities.resources.dll",
        "build/fr/UiExplorer.resources.dll",
        "build/fr/UiPath.UIAutomation.Activities.Design.resources.dll",
        "build/fr/UiPath.UiAutomation.Activities.resources.dll",
        "build/ja/UiExplorer.resources.dll",
        "build/ja/UiPath.UIAutomation.Activities.Design.resources.dll",
        "build/ja/UiPath.UiAutomation.Activities.resources.dll",
        "build/ko/UiExplorer.resources.dll",
        "build/ko/UiPath.UIAutomation.Activities.Design.resources.dll",
        "build/ko/UiPath.UiAutomation.Activities.resources.dll",
        "build/pt-BR/UiExplorer.resources.dll",
        "build/pt-BR/UiPath.UIAutomation.Activities.Design.resources.dll",
        "build/pt-BR/UiPath.UiAutomation.Activities.resources.dll",
        "build/pt/UiExplorer.resources.dll",
        "build/pt/UiPath.UIAutomation.Activities.Design.resources.dll",
        "build/pt/UiPath.UiAutomation.Activities.resources.dll",
        "build/ru/UiExplorer.resources.dll",
        "build/ru/UiPath.UIAutomation.Activities.Design.resources.dll",
        "build/ru/UiPath.UiAutomation.Activities.resources.dll",
        "build/tr/UiExplorer.resources.dll",
        "build/tr/UiPath.UIAutomation.Activities.Design.resources.dll",
        "build/tr/UiPath.UiAutomation.Activities.resources.dll",
        "build/zh-CN/UiExplorer.resources.dll",
        "build/zh-CN/UiPath.UIAutomation.Activities.Design.resources.dll",
        "build/zh-CN/UiPath.UiAutomation.Activities.resources.dll",
        "lib/net461/ActiproSoftware.DataGrid.Contrib.Wpf.dll",
        "lib/net461/ActiproSoftware.Docking.Wpf.dll",
        "lib/net461/ActiproSoftware.Editors.Wpf.dll",
        "lib/net461/ActiproSoftware.Ribbon.Wpf.dll",
        "lib/net461/ActiproSoftware.Shared.Wpf.dll",
        "lib/net461/ActiproSoftware.SyntaxEditor.Addons.DotNet.Wpf.dll",
        "lib/net461/ActiproSoftware.SyntaxEditor.Wpf.dll",
        "lib/net461/ActiproSoftware.Text.Addons.DotNet.Wpf.dll",
        "lib/net461/ActiproSoftware.Text.LLParser.Wpf.dll",
        "lib/net461/ActiproSoftware.Text.Wpf.dll",
        "lib/net461/ActiproSoftware.Wizard.Wpf.dll",
        "lib/net461/UiPath.CV.Activities.Design.dll",
        "lib/net461/UiPath.CV.Activities.dll",
        "lib/net461/UiPath.CV.dll",
        "lib/net461/UiPath.UIAutomation.Activities.Design.dll",
        "lib/net461/UiPath.UiAutomation.Activities.dll",
        "lib/net461/UiPath.Wizards.dll",
        "lib/net461/de/UiPath.CV.Activities.Design.resources.dll",
        "lib/net461/de/UiPath.CV.Activities.resources.dll",
        "lib/net461/de/UiPath.CV.resources.dll",
        "lib/net461/de/UiPath.UIAutomation.Activities.Design.resources.dll",
        "lib/net461/de/UiPath.UiAutomation.Activities.resources.dll",
        "lib/net461/de/UiPath.Wizards.resources.dll",
        "lib/net461/es-MX/UiPath.CV.Activities.Design.resources.dll",
        "lib/net461/es-MX/UiPath.CV.Activities.resources.dll",
        "lib/net461/es-MX/UiPath.CV.resources.dll",
        "lib/net461/es-MX/UiPath.UIAutomation.Activities.Design.resources.dll",
        "lib/net461/es-MX/UiPath.UiAutomation.Activities.resources.dll",
        "lib/net461/es-MX/UiPath.Wizards.resources.dll",
        "lib/net461/es/UiPath.CV.Activities.Design.resources.dll",
        "lib/net461/es/UiPath.CV.Activities.resources.dll",
        "lib/net461/es/UiPath.CV.resources.dll",
        "lib/net461/es/UiPath.UIAutomation.Activities.Design.resources.dll",
        "lib/net461/es/UiPath.UiAutomation.Activities.resources.dll",
        "lib/net461/es/UiPath.Wizards.resources.dll",
        "lib/net461/fr/UiPath.CV.Activities.Design.resources.dll",
        "lib/net461/fr/UiPath.CV.Activities.resources.dll",
        "lib/net461/fr/UiPath.CV.resources.dll",
        "lib/net461/fr/UiPath.UIAutomation.Activities.Design.resources.dll",
        "lib/net461/fr/UiPath.UiAutomation.Activities.resources.dll",
        "lib/net461/fr/UiPath.Wizards.resources.dll",
        "lib/net461/ja/UiPath.CV.Activities.Design.resources.dll",
        "lib/net461/ja/UiPath.CV.Activities.resources.dll",
        "lib/net461/ja/UiPath.CV.resources.dll",
        "lib/net461/ja/UiPath.UIAutomation.Activities.Design.resources.dll",
        "lib/net461/ja/UiPath.UiAutomation.Activities.resources.dll",
        "lib/net461/ja/UiPath.Wizards.resources.dll",
        "lib/net461/ko/UiPath.CV.Activities.Design.resources.dll",
        "lib/net461/ko/UiPath.CV.Activities.resources.dll",
        "lib/net461/ko/UiPath.CV.resources.dll",
        "lib/net461/ko/UiPath.UIAutomation.Activities.Design.resources.dll",
        "lib/net461/ko/UiPath.UiAutomation.Activities.resources.dll",
        "lib/net461/ko/UiPath.Wizards.resources.dll",
        "lib/net461/pt-BR/UiPath.CV.Activities.Design.resources.dll",
        "lib/net461/pt-BR/UiPath.CV.Activities.resources.dll",
        "lib/net461/pt-BR/UiPath.CV.resources.dll",
        "lib/net461/pt-BR/UiPath.UIAutomation.Activities.Design.resources.dll",
        "lib/net461/pt-BR/UiPath.UiAutomation.Activities.resources.dll",
        "lib/net461/pt-BR/UiPath.Wizards.resources.dll",
        "lib/net461/pt/UiPath.CV.Activities.Design.resources.dll",
        "lib/net461/pt/UiPath.CV.Activities.resources.dll",
        "lib/net461/pt/UiPath.CV.resources.dll",
        "lib/net461/pt/UiPath.UIAutomation.Activities.Design.resources.dll",
        "lib/net461/pt/UiPath.UiAutomation.Activities.resources.dll",
        "lib/net461/pt/UiPath.Wizards.resources.dll",
        "lib/net461/ru/UiPath.CV.Activities.Design.resources.dll",
        "lib/net461/ru/UiPath.CV.Activities.resources.dll",
        "lib/net461/ru/UiPath.CV.resources.dll",
        "lib/net461/ru/UiPath.UIAutomation.Activities.Design.resources.dll",
        "lib/net461/ru/UiPath.UiAutomation.Activities.resources.dll",
        "lib/net461/ru/UiPath.Wizards.resources.dll",
        "lib/net461/tr/UiPath.CV.Activities.Design.resources.dll",
        "lib/net461/tr/UiPath.CV.Activities.resources.dll",
        "lib/net461/tr/UiPath.CV.resources.dll",
        "lib/net461/tr/UiPath.UIAutomation.Activities.Design.resources.dll",
        "lib/net461/tr/UiPath.UiAutomation.Activities.resources.dll",
        "lib/net461/tr/UiPath.Wizards.resources.dll",
        "lib/net461/zh-CN/UiPath.CV.Activities.Design.resources.dll",
        "lib/net461/zh-CN/UiPath.CV.Activities.resources.dll",
        "lib/net461/zh-CN/UiPath.CV.resources.dll",
        "lib/net461/zh-CN/UiPath.UIAutomation.Activities.Design.resources.dll",
        "lib/net461/zh-CN/UiPath.UiAutomation.Activities.resources.dll",
        "lib/net461/zh-CN/UiPath.Wizards.resources.dll",
        "uipath.uiautomation.activities.19.11.0.nupkg.sha512",
        "uipath.uiautomation.activities.nuspec"
      ]
    },
    "UiPath.Vision/2.0.0": {
      "sha512": "iLw9jpfgO7GkyqymZzD+K5FgPsdd8ZuSRiZnSNLSh9TlTpAQhCnTdAsxaR39rk64RsJlDlFOrgTa/dJSgHKYlA==",
      "type": "package",
      "path": "uipath.vision/2.0.0",
      "files": [
        ".nupkg.metadata",
        ".signature.p7s",
        "build/AForge.Imaging.dll",
        "build/AForge.Math.dll",
        "build/AForge.dll",
        "build/BouncyCastle.Crypto.dll",
        "build/Emgu.CV.World.dll",
        "build/Google.Api.CommonProtos.dll",
        "build/Google.Api.Gax.Grpc.dll",
        "build/Google.Api.Gax.dll",
        "build/Google.Apis.Auth.PlatformServices.dll",
        "build/Google.Apis.Auth.dll",
        "build/Google.Apis.Core.dll",
        "build/Google.Apis.PlatformServices.dll",
        "build/Google.Apis.dll",
        "build/Google.Cloud.Vision.V1.dll",
        "build/Google.LongRunning.dll",
        "build/Google.Protobuf.dll",
        "build/Grpc.Auth.dll",
        "build/Grpc.Core.dll",
        "build/Microsoft.Azure.CognitiveServices.Vision.ComputerVision.dll",
        "build/Microsoft.ProjectOxford.Vision.dll",
        "build/Microsoft.Rest.ClientRuntime.Azure.dll",
        "build/Microsoft.Rest.ClientRuntime.dll",
        "build/NLog.dll",
        "build/Newtonsoft.Json.dll",
        "build/System.Collections.Immutable.dll",
        "build/System.Interactive.Async.dll",
        "build/System.ValueTuple.dll",
        "build/UiPath.OCR.Contracts.dll",
        "build/UiPath.Vision.AzureComputerVision.dll",
        "build/UiPath.Vision.Core.dll",
        "build/UiPath.Vision.GoogleCloud.dll",
        "build/UiPath.Vision.Host32.exe",
        "build/UiPath.Vision.Host32.exe.config",
        "build/UiPath.Vision.Microsoft.dll",
        "build/UiPath.Vision.MicrosoftCloud.dll",
        "build/UiPath.Vision.Tesseract.dll",
        "build/UiPath.Vision.dll",
        "build/ZedGraph.dll",
        "build/Zlib.Portable.dll",
        "build/grpc_csharp_ext.x64.dll",
        "build/grpc_csharp_ext.x86.dll",
        "build/nlog.config",
        "build/tessdata/eng.traineddata",
        "build/x86/concrt140.dll",
        "build/x86/cvextern.dll",
        "build/x86/msvcp140.dll",
        "build/x86/opencv_ffmpeg341.dll",
        "build/x86/tbb.dll",
        "build/x86/vcruntime140.dll",
        "lib/net452/UiPath.Vision.AzureComputerVision.dll",
        "lib/net452/UiPath.Vision.Core.dll",
        "lib/net452/UiPath.Vision.GoogleCloud.dll",
        "lib/net452/UiPath.Vision.Host32.exe",
        "lib/net452/UiPath.Vision.Microsoft.dll",
        "lib/net452/UiPath.Vision.MicrosoftCloud.dll",
        "lib/net452/UiPath.Vision.Tesseract.dll",
        "lib/net452/UiPath.Vision.dll",
        "uipath.vision.2.0.0.nupkg.sha512",
        "uipath.vision.nuspec"
      ]
    }
  },
  "projectFileDependencyGroups": {
    "": [],
    ".NETFramework,Version=v4.6.1": [
      "DirectorySearch >= 1.0.0 <= 1.0.0",
      "UiPath.Excel.Activities >= 2.7.2 <= 2.7.2",
      "UiPath.Mail.Activities >= 1.7.2 <= 1.7.2",
      "UiPath.PDF.Activities >= 3.1.0 <= 3.1.0",
      "UiPath.System.Activities >= 19.10.1 <= 19.10.1",
      "UiPath.UIAutomation.Activities >= 19.11.0 <= 19.11.0"
    ]
  },
  "packageFolders": {
    "C:\\Users\\sl\\.nuget\\packages\\": {}
  },
  "project": {
    "restore": {
      "projectUniqueName": "KeyWordSearch",
      "projectName": "KeyWordSearch",
      "projectPath": "\\\\uipathbot\\Shared Files\\Gesa Mortgage\\Rohith\\17-02-20202\\KeyWordSearch\\.local",
      "packagesPath": "C:\\Users\\sl\\.nuget\\packages\\",
      "outputPath": "\\\\uipathbot\\Shared Files\\Gesa Mortgage\\Rohith\\17-02-20202\\KeyWordSearch\\.local"
    },
    "frameworks": {
      "net461": {
        "dependencies": {
          "DirectorySearch": {
            "include": "Runtime",
            "target": "Package",
            "version": "[1.0.0, 1.0.0]"
          },
          "UiPath.Excel.Activities": {
            "include": "Runtime",
            "target": "Package",
            "version": "[2.7.2, 2.7.2]"
          },
          "UiPath.Mail.Activities": {
            "include": "Runtime",
            "target": "Package",
            "version": "[1.7.2, 1.7.2]"
          },
          "UiPath.PDF.Activities": {
            "include": "Runtime",
            "target": "Package",
            "version": "[3.1.0, 3.1.0]"
          },
          "UiPath.System.Activities": {
            "include": "Runtime",
            "target": "Package",
            "version": "[19.10.1, 19.10.1]"
          },
          "UiPath.UIAutomation.Activities": {
            "include": "Runtime",
            "target": "Package",
            "version": "[19.11.0, 19.11.0]"
          }
        }
      }
    }
  }
}