W-2,Net pay,Gross pay,1099,1040,1065,1120,1120,1040A,1040EZ,1120-S,1065,Profit,total net pay,net amount,period start date,pay begin date,period beginning,period begin date,period begin,tax return,Pay period,tax return summary,wage and tax statement,total net payment,tax rate,pay date;Income
opening balance,Ending balance,Savings,opening balance,Enging balance,401K,401K Plan,IRA,opening balance,closing balance,Individual,shares,opening balance,closing balance,Asset value,Annunity,Annunities/Insurance,Account number,withdrawal,cost basis summary;Assets
Property address,Principal,Interest,Current payment,Interest rate,Credit Card,Credit line,Credit Limit,Available credit,Outstanding balance;Liabilities
counteroffer addendum,to real estate purchase and sale agreement;Residential Purchase Agreement
Driver,Permanent,certification of marriage,Visa,USCIS#,Restrictions,Resident Since,Rest;Identification
